search_keyword,news_id,pubDate,collected_at,title,description,link,originallink,content,cluster_id,title_id,body_id,is_canon,replaced_by,global_group_id
이재명,cbdb1f1ee0ba,2026-01-29 18:02:00,2026-01-29 18:03:03,[단독] 이진국 사법제도비서관 사의…‘검찰개혁’ 갈등 여파인 듯,"사법제도비서관은 이재명 정부 출범 이후 민정수석 산하에 신설된 직책으로, 검찰개혁을 포함한 사법제도... 이번 대선 과정에서는 이재명 대통령 지지를 선언했다. 다만 여권 일각에서는 김 전 의원이 검사 출신이라는... ",https://n.news.naver.com/mnews/article/028/0002789056?sid=100,https://www.hani.co.kr/arti/politics/bluehouse/1242380.html,"이진국 청와대 사법제도비서관이 최근 사의를 표한 것으로 29일 확인됐다. 청와대 관계자는 이날 한겨레에 “이 비서관이 최근 사직서를 제출했다”고 밝혔다. 이 비서관은 원래 직장인 아주대 로스쿨로 복귀해 학생들을 가르치겠다는 뜻을 주변에 전했다고 한다. 이 비서관의 사의 표명 배경을 두고 검찰개혁 방안, 특히 중대범죄수사청의 수사 인력을 수사사법관과 전문수사관으로 이원화하는 문제를 두고 불거진 이견 때문이란 관측도 나온다. 사법제도비서관은 이재명 정부 출범 이후 민정수석 산하에 신설된 직책으로, 검찰개혁을 포함한 사법제도 전반을 담당한다. 청와대 관계자는 “이 비서관은 수사사법관과 전문수사관을 분리하는 구조에 대해 부정적 의견을 제시했다”고 전했다. 해당 법안을 두고 여당 내부에서도 “중수청 조직이 검사와 수사관으로 나뉜 현행 검찰과 크게 다르지 않다”는 우려가 제기된 바 있다. 정부는 이런 지적을 반영해 ‘5급 이상 전문수사관이 전직 절차를 거쳐 수사사법관으로 임용될 수 있다’는 조항을 법안에 포함했지만, 이른바 ‘제2의 검찰청’ 논란 속에서 크게 부각되지는 않았다. 청와대 안팎에서는 이 비서관의 후임으로 김용남 전 새누리당(현 국민의힘) 의원 등이 거론된다. 김 전 의원은 2014년 경기 수원병 보궐선거에서 새누리당 후보로 당선됐으며, 2024년 1월 국민의힘을 탈당해 개혁신당 전략기획위원장으로 활동했다. 이번 대선 과정에서는 이재명 대통령 지지를 선언했다. 다만 여권 일각에서는 김 전 의원이 검사 출신이라는 점이 인선 과정에서 부담으로 작용할 수 있다는 관측도 나온다.",C-0,T-0,B-0,True,cbdb1f1ee0ba,G-0
이재명,563a845ee9d4,2026-01-29 18:01:00,2026-01-29 18:03:03,'건강 민주화' 위한 설탕 부담금…물가 문제·부과 기준은 고민거리,"이재명 대통령이 '설탕 부담금' 도입 논의에 불을 지피면서 공론화 과정이 급물살을 타고 있다. 취지는 국민 건강을 보호하기 위한 것인데, 특히 사회적 취약계층에 효과가 크다는 점에서 '건강 민주화'에 기여할 수... ",https://n.news.naver.com/mnews/article/469/0000911763?sid=100,https://www.hankookilbo.com/news/article/A2026012915120004241?did=NA,"李 대통령 메시지로 공론화 급물살 정부는 ""의견 수렴 필요"" 신중 입장 취약계층의 건강 증진 효과 크지만 간접세 효과로 물가 상승 우려 제기 부과 대상 품목에 따라 파급력 상이 이재명 대통령이 '설탕 부담금' 도입 논의에 불을 지피면서 공론화 과정이 급물살을 타고 있다. 취지는 국민 건강을 보호하기 위한 것인데, 특히 사회적 취약계층에 효과가 크다는 점에서 '건강 민주화'에 기여할 수 있는 제도로 평가된다. 그러나 가공식품 물가를 상승시켜 민생에 부담이 될 수 있다는 지적도 많다. 어떤 품목에 얼마나 부과할지도 쟁점이다. 29일 재정경제부 고위 관계자는 설탕 부담금 도입 여부와 관련해 ""식품 산업에 영향이 있는 사안인 만큼 의견 수렴이 필요하다""고 말했다. 전날 이 대통령은 엑스(X)를 통해 ""담배처럼 설탕 부담금으로 설탕 사용을 억제하고, 그 부담금으로 지역·공공 의료 강화에 재투자(하는 방안에 대해) 여러분 의견은 어떠신가요""라고 질문을 던졌다. 설탕 부담금은 설탕이나 감미료 등 당이 첨가된 가공식품에 부과하는 조세 외의 금전을 말한다. 소비자에게 경제적 부담을 늘림으로써 당 섭취량을 줄이게 만들고, 비만이나 당뇨병 등 성인병을 예방하기 위해 운용된다. 2016년 세계보건기구(WHO)는 '가당음료세(taxes applied to sugar-sweetened beverages)'라는 이름으로 도입을 권고했다. 현재 미국과 영국, 프랑스 등 120여 개 국가가 시행 중인 것으로 알려졌다. 국내에 도입되면 '설탕세'가 아닌 '부담금' 방식으로 시행될 전망이다. 담배 가격에 포함된 부담금이 대표적인 사례다. 국민건강증진법에 따라 궐련형, 전자담배에는 일정 비율로 국민건강증진부담금이 부과되고 있다. 징수된 부담금은 흡연 피해 예방 등 사업에 쓰인다. 설탕 부담금 논의는 처음이 아니다. 2021년에도 강병원 더불어민주당 의원이 당류가 들어간 음료를 제조·가공·수입하는 업자 등에게 '가당음료부담금'을 부과하는 내용의 국민건강증진법 개정안을 발의한 바 있다. 다만 제대로 된 논의 없이 국회 임기 만료로 폐기됐다. 국회는 다시 공론화에 나섰다. 정태호 민주당 의원과 서울대 건강문화사업단은 다음 달 12일 국회도서관에서 '설탕 과다사용부담금 국회 토론회'를 개최할 예정이다. 국민 10명 중 8명은 부담금 도입 찬성 설탕에 부담금까지 매기려는 근본적인 이유는 국민 건강권을 강화하기 위해서다. 특히 저소득층 등 사회적 취약계층에 실효성이 높을 것으로 예상된다. 양선희 서울대 건강문화사업단 전문위원은 ""저소득층의 경우 건강에 관한 교육이나 정보 등이 부족해 설탕의 중독성에 훨씬 더 노출돼 있다""며 ""비용 정책을 통해 기업들이 식품을 생산할 때 설탕을 덜 사용하도록 산업구조의 재조정이 필요하다""고 지적했다. 사회적 비용의 감소도 장점이다. 국민건강보험공단에 따르면 비만으로 인한 사회·경제적 손실 비용은 15조6,382억 원(2021년 기준)으로 추산된다. 흡연(11조4,206억 원)이나 음주(14조6,274억 원)보다 심각한 수준이다. 식습관이 개선돼 비만 등 성인병이 줄면 건강보험 재정 상황도 개선될 수 있다. 다만 설탕 부담금이 간접세 역할을 하면서 물가 상승 압력을 가할 수 있다는 점은 부담이다. 홍기용 인천대 경영학과 교수는 ""담배나 술과 달리 설탕은 모든 국민이 섭취하는 필수재여서 설탕 부담금제가 도입되면 가계의 가처분 소득이 줄어드는 문제가 생길 것""이라고 지적했다. 식품업계도 '슈거 플레이션' 부작용을 우려한다. 업계 관계자는 ""설탕은 음료뿐만 아니라 빵과 과자, 소스 등 거의 모든 가공식품에 들어가는 핵심 원재료""라며 ""설탕 부담금이 특정 품목의 가격 인상을 넘어 식품 물가 전체를 끌어올리는 기폭제로 작용할 수 있다""고 전망했다. 부담금 기준을 정하는 작업도 민감한 과제다. 부담금 수준이나 품목에 따라 파급력이 달라질 수밖에 없어서다. 서울대 건강문화사업단이 이달 12~19일 1,030명을 대상으로 실시한 설문조사 결과에서 응답자 80.1%는 '설탕과다사용세' 도입에 찬성했다. 도입이 시급한 품목은 음료류(75.1%)와 빙과류(73.3%), 과자·빵·떡류(72.5%) 등 순으로 나타났다.",C-1,T-1,B-1,True,563a845ee9d4,G-1
이재명,f2f8393dac6e,2026-01-29 18:00:00,2026-01-29 18:03:03,"조현 ""美 관세인상 메시지 합의 파기라 보기 어려워""","한반도 비핵화에 대해서도 미국과 의지가 같다고 설명했다. 조 장관은 이재명 대통령이 지난 21일 기자회견에서 북한 핵군축을 거론한 데 대해 ""(핵군축이든 무엇이든) 원칙은 같다. 목표는 물론 비핵화""라고 말했다.",https://n.news.naver.com/mnews/article/009/0005629540?sid=100,https://www.mk.co.kr/article/11947425,"조현 외교부 장관(사진)이 도널드 트럼프 미국 대통령의 대미 관세 25% 재인상 통보로 불거진 한미정상회담 조인트 팩트시트(공동 설명자료) 이행 '불협화음' 논란을 진화하고 나섰다. 조 장관은 29일 서울 중구 한국프레스센터에서 열린 관훈토론회에서 '트럼프 대통령이 이야기한 25% 관세가 현실화하면 합의 파기 아니냐'는 물음에 ""합의 파기라고 보기 어렵다""고 답했다. 조 장관은 ""지금 조인트 팩트시트라는 것이 있고, 이것의 이행이 미국 일각에서 늦는 것 아닌가 하고 직접 트럼프 대통령에게 (누군가) 이야기를 해서 (트럼프 대통령의 메시지가) 나온 것 아닌가 싶다""고 말했다. 이어 ""앞으로 우리가 조치해나가면서 미국 측에 잘 설명하면 될 것이라고 본다. 이런 과정은 기존 팩트시트의 충실한 이행을 서로 협의해나가는 것이라고 보면 좋겠다""고 말했다. 한국의 핵추진잠수함 도입, 우라늄 농축·사용후핵연료 재처리 권한 확보와 관련한 협의도 문제없이 진행되고 있다는 취지로 발언했다. 조 장관은 한미 간 실무협의가 진행되고 있는지에 대해 ""미국 협상팀이 2월에 올 가능성이 있고, 일정상 어렵다면 우리가 갈 계획도 있다""고 말했다. 핵잠 도입에 대해서는 미국이 우리 정부의 건조 개시 목표 시점인 '2028년 후반'에 공감대를 표하고 있다고 밝혔다. 한반도 비핵화에 대해서도 미국과 의지가 같다고 설명했다. 조 장관은 이재명 대통령이 지난 21일 기자회견에서 북한 핵군축을 거론한 데 대해 ""(핵군축이든 무엇이든) 원칙은 같다. 목표는 물론 비핵화""라고 말했다. [김상준 기자]",C-6,T-6,B-6,True,f2f8393dac6e,G-2
청와대,26a811689d55,2026-01-29 18:00:00,2026-01-29 18:03:12,"李 ""기본사회 얘기도 진지하게 하면 좋겠다""","이날 이 대통령은 청와대에서 주재한 수석보좌관회의에서 ""인공지능(AI)과 관련해선 참 말이 많다""며 ""지나치게 한쪽으로 집중돼서 우리 사회의 양극화를 극단적으로 만들 가능성이 매우 높다""고 말했다. 이어 ""미래에는... ",https://n.news.naver.com/mnews/article/009/0005629543?sid=100,https://www.mk.co.kr/article/11947428,"이재명 대통령이 29일 ""기본사회에 관한 얘기도 진지하게 하면 좋겠다""고 말했다. 관세 인상 압박이 거세지는 시점에 ""외교안보 문제에 대해서도 어려운 국제 상황 속에선 힘을 모아줘야 한다""는 메시지를 함께 냈다. 이날 이 대통령은 청와대에서 주재한 수석보좌관회의에서 ""인공지능(AI)과 관련해선 참 말이 많다""며 ""지나치게 한쪽으로 집중돼서 우리 사회의 양극화를 극단적으로 만들 가능성이 매우 높다""고 말했다. 이어 ""미래에는 생산수단 소유나 생산능력이 양극화되면서 엄청난 사회적 문제가 될 것""이라며 ""대응하는 사회 시스템을 반드시 준비해야 된다""고 했다. 구체적으로는 ""소위 '기본사회'를 준비해야 한다""며 ""사회주의자, 빨갱이라는 과격한 얘기를 들었는데 지금 상태에선 제 문제 제기에 동의하는 분이 많아진 것 같다""고 설명했다. 극단적 양극화와 AI 사회에 대비하기 위해서는 '기본사회 정책이 필요하다'고 동의하는 정도가 높아진 것 같다는 말도 덧붙였다. 기본사회 정책을 도입하는 것이 아니라 의견 조회라는 점도 분명히 했다. 이 대통령은 ""기본사회에 관한 얘기도 정치적으로 접근하지 말고 진지하게 하면 좋겠다""고 했다. 이 대통령은 현대자동차그룹 노동조합이 휴머노이드 로봇 '아틀라스'의 현장 투입에 강력히 반대한 사례를 언급하기도 했다. 이 대통령은 ""생산 로봇 때문에 로봇을 현장에 못 들어오게 하겠다고 어느 노동조합이 선언한 것 같다. 진짜가 아니고 아마 투쟁 전술의 일부일 것""이라며 ""그런데 과거에 증기기관, 기계가 도입됐을 때 기계 파괴 운동이라고 사람들이 일자리를 뺏는다고 기계를 부수자는 운동이 있었다. 흘러오는 거대한 수레를 피할 수 없다. 결국 그 사회에 빨리 적응해야 한다""고 강조했다. [성승훈 기자]",C-3,T-2,B-2,True,26a811689d55,G-3
이재명,5c9ac7f653a9,2026-01-29 18:00:00,2026-01-29 18:03:03,서울 아파트값 14주 만에 최대 상승…비 강남지역 상승세 주도,"다만 최근 이재명 대통령이 다주택자 양도소득세 중과 유예 종료와 보유세 인상 가능성을 시사하는 등 세제 강화 기조를 분명히 한 데다, 이날 추가 공급 대책까지 발표된 만큼 향후 집값 상승세가 지속될지는... ",https://n.news.naver.com/mnews/article/243/0000092187?sid=101,https://economist.co.kr/article/view/ecn202601290063,"양도세 중과 유예 종료·추가 공급 대책 효과 지켜봐야 [이코노미스트 이승훈 기자] 서울 지역 주간 아파트값 상승 폭이 3주 연속 확대된 것으로 집계됐다. 한강벨트 등 강북지역이 상승을 주도했고 강남권은 오름폭이 둔화된 것으로 나타났다. 29일 한국부동산원에 따르면 이번주 서울 아파트값은 0.31% 상승해 지난주(0.29%)보다 오름폭이 커졌다. 지난해 10·15대책 발표 다음인 20일 조사에서 0.50% 오른 이후 14주 만에 가장 큰 폭의 상승이다. 한강벨트를 비롯한 강북 등 비강남 지역이 상승세를 주도했다. 마포구는 지난주 0.29%에서 이번주 0.41%로, 성동구는 0.34%에서 0.40%로 각각 오름폭이 확대됐다. 또 노원구의 상승폭이 0.23%에서 0.41%로, 성북구는 0.33%에서 0.42%로 상승폭이 커졌다. 전문가들은 토지거래허가구역 지정으로 매물이 감소한 상황에서 대출이 상대적으로 용이한 강북지역의 상승 거래가 늘어나며 시세가 오른 것으로 분석했다. 다만 최근 이재명 대통령이 다주택자 양도소득세 중과 유예 종료와 보유세 인상 가능성을 시사하는 등 세제 강화 기조를 분명히 한 데다, 이날 추가 공급 대책까지 발표된 만큼 향후 집값 상승세가 지속될지는 불확실하다는 관측도 나온다. 당장 ‘똘똘한 한 채’에 대한 양도세와 보유세 강화 가능성 등으로 강남권의 오름폭은 지난주보다 줄어든 모양새다. 강남구는 지난주 0.20%에서 이번주 0.07%로 오름폭이 줄었다. ▲서초구(0.29→0.27%) ▲송파구(0.33→0.31%) ▲강동구(0.41→0.39%) 등 동남권(0.30→0.25%) 전체가 상승폭이 감소했다. 경기도는 지난주와 마찬가지로 0.13% 상승한 가운데 성남 분당구(0.40%)와 과천시(0.25%)는 지난주보다 오름폭이 둔화했다.",C-7,T-7,B-7,True,5c9ac7f653a9,G-4
청와대,cace16c1df4a,2026-01-29 18:00:00,2026-01-29 18:03:12,호찌민 총영사에 정정태 변호사,한국 기업들의 베트남 진출과 투자 업무를 전담했다. 강 전 부사령관은 2023년부터 작년 9월까지 한미연합사 부사령관을 지냈다. 2021년부터 2022년까지는 청와대 국가안보실 안보·국방전략비서관으로 일하기도 했다.,https://n.news.naver.com/mnews/article/009/0005629541?sid=100,https://www.mk.co.kr/article/11947427,"정부가 베트남 호찌민 총영사에 정정태 법무법인 지평 변호사, 사우디아라비아대사에는 강신철 전 한미연합군사령부 부사령관을 내정한 것으로 확인됐다. 정부가 아세안과는 경제 교류 고도화, 중동과는 방산 협력 확대를 추진하고 있는데, 이에 따라 해당 분야 전문가들을 특임 공관장으로 파견하는 모양새다. 29일 외교가에 따르면 정부는 정 변호사와 강 전 부사령관을 내정하고 베트남과 사우디아라비아로부터 각각 아그레망(상대국의 사전 동의)을 받고 있다. 정 변호사는 법조계의 대표적인 아세안 전문가다. 법무법인 지평 해외그룹 소속으로 호찌민지사에 2011년부터 주재하며 한국 기업들의 베트남 진출과 투자 업무를 전담했다. 강 전 부사령관은 2023년부터 작년 9월까지 한미연합사 부사령관을 지냈다. 2021년부터 2022년까지는 청와대 국가안보실 안보·국방전략비서관으로 일하기도 했다. [김상준 기자]",C-1,T-1,B-1,True,cace16c1df4a,G-5
이재명,68be2f762ec0,2026-01-29 18:00:00,2026-01-29 18:03:03,"“고난도 복합상품, 판매 쏠림 나타나면 일시중단”","이재명 정부에서 금융당국은 ‘금융 대전환’ 주요 정책과제 중 하나로 소비자보호 신뢰·포용금융을 표방하고 있다. 고 상무는 “금융상품의 판매 가능성과 판매 성과는 금융회사 직원의 관점인 반면, 금융소비자보호... ",https://n.news.naver.com/mnews/article/028/0002789055?sid=101,https://www.hani.co.kr/arti/economy/finance/1242379.html,"금융지주 첫 ‘지주 소비자보호총괄’ 맡은 고원명 우리금융 상무 인터뷰 우리금융은 지난 26일부터 주가연계증권(ELS) 상품의 경우 코스피 변동폭이 일정하게 커지면 신규 판매를 일시 중단하도록 했다. 또 고난도 파생상품은 직원별 판매금액을 개인 성과지표에 일시 반영하지 않고 분기·반기별로 분할 인식하는 방식을 도입해 무리한 판매를 통제하고, 만기 때 손실이 발생하면 성과지표에서 감점 반영하는 방식도 검토하기로 했다. 이런 정책의 배경에는 고원명 우리금융지주 금융소비자보호 총괄책임자(CCO)가 있다. 29일 서울 중구 우리금융 본점에서 만난 그는 “은행·보험·카드·증권 등 모든 자회사의 금융상품 생애주기 전체 과정(상품 기획·설계, 판매 및 판매후 관리)에 지주 소비자보호부문 총괄조직이 독립성을 갖고 상시적으로 지휘·관여하겠다”고 말했다. 우리금융은 지난 9일 금융지주사들 중에 최초로 지주에 별도의 소비자보호부문 총괄책임자를 두고, 고 상무를 선임했다. 다른 금융지주들은 은행 등 자회사 소비자보호총괄(부장)이 지주 소비자총괄까지 겸임하고 있다. 이재명 정부에서 금융당국은 ‘금융 대전환’ 주요 정책과제 중 하나로 소비자보호 신뢰·포용금융을 표방하고 있다. 고 상무는 “금융상품의 판매 가능성과 판매 성과는 금융회사 직원의 관점인 반면, 금융소비자보호 전담부서는 고객의 관점에서 적합하고 필요한 상품인지 체크하는 임무를 맡는다”며 “은행뿐 아니라 비은행 자회사 상품들에까지 고객한테 불리한 위험을 떠넘기지 않도록 소비자보호 정책을 상향 균질화시킬 것”이라고 말했다. 이에 따라 지주 소속 소비자보호 전담직원들이 은행·보험·카드 등 자회사 현장에 수시로 나가 소비자보호 운영실태를 지휘·점검하게 된다. 우리금융은 일선 영업창구마다 단순한 상품판매 중심에서 벗어나 소비자보호 책무를 실질적으로 다하도록 몇몇 새로운 정책을 실행하기로 했다. 우선 ELS(주가연계증권)·DLF(파생결합펀드) 등 고난도 파생상품의 경우 판매 손익을 개인 성과지표에 일시 반영하지 않고 분기·반기별로 분할 인식하는 쪽으로 바꾸기로 했다. 무리한 판매 관행을 바꾸기 위해서다. 나아가 파생상품 만기에 손실이 발생하면 개인 성과지표에서 감점 반영하는 방식도 검토중이다. 이미 자회사 에이비엘(ABL)생명보험사는 불완전판매비율과 청약철회·조기해지율을 직원 성과보상에 반영하고 있다. 지난 26일부터는 ELS 상품의 경우 코스피 변동폭이 일정하게 커지면 신규 판매를 일시 중단시키고 있다. 또 일선 영업창구마다 상품 판매한도를 미리 설정해놓고 이를 초과하면 판매를 일시 중단해 고객 위험을 사전에 예방하고 있는 중이다. 그는 “특정 금융상품 판매가 일시적으로 쏠림 현상이 있거나 판매액이 갑자기 급증하는 등 변동폭이 커지면 세부 내역을 즉시 보고받아 위험 관리에 나서겠다”고 말했다. 우리금융은 은행·카드·보험사의 이사회 조직 내부에 사외이사 중심으로 소비자보호위원회를 만들고, 소비자보호 전문가를 사외이사 멤버로 선임하는 방안도 고려하고 있다. 인공지능(AI) 기술을 통한 데이터 분석기법을 활용해 소비자보호 성공사례를 만들어 자회사 전체에 확산시킬 구상도 하고 있다. 예컨대 보험영업창구에서 고객들이 하는 음성을 텍스트로 수집·축적해 분석하면 상품별로 또는 판매지역별로 최근 특정 기간에 왜 이런 말이 자주 등장하는지 파악할 수 있고, 그러면 고객으로부터 민원과 불만이 제기되기 전에 상품판매부서에 경고해 위험을 차단할 수 있게 된다. 그는 “요즘 금융상품은 단순 예·적금을 넘어 고난도 복합금융상품이 많아지고 시장에서 금융자산의 이동성도 매우 커졌다”며 “디지털전환 및 인구고령화와 맞물려 전문성과 정보 측면에서 금융회사와 고객 사이의 비대칭이 커지면서 소비자 피해 가능성도 높아지고 있다”고 말했다. 고객의 관점에서 필요와 선택을 도와, 금융회사와 소비자 사이의 불평등을 줄일 방안을 올해 안에 찾아내려 한다고 그는 덧붙였다. “소비자보호 정책은 꼭 당국이 요구해서도, 단지 선하고 착한 기업이라는 윤리적 이미지 측면에서 하는 것을 넘어 선다. 소비자 신뢰가 훼손되는 건 금융회사로서 직접적인 리스크 영역이다. 모든 금융 자회사에 관철되는 일관된 소비자보호 기준과 구체적인 판단 지표를 올해 만들어 소비자 피해를 사전 예방하는 시스템이 우리금융 조직 전반에 작동하도록 만들겠다.”",C-5,T-5,B-5,True,68be2f762ec0,G-6
이재명,e849d0b7f9b6,2026-01-29 18:00:00,2026-01-29 18:03:03,효창공원 성역화,□ 이재명 대통령이 지난 20일 국가보훈처에 효창공원 국립공원화를 주문했다. 독립운동가 묘역 중심 성역화라는 뜻일 것이다. 문제는 ‘성역화’에만 치중하면 방문객이 줄어들 수 있다는 우려다. 공원 인근(청파동... ,https://n.news.naver.com/mnews/article/469/0000911761?sid=110,https://www.hankookilbo.com/news/article/A2026012914400002161?did=NA,"“정부에 친일분자가 충만하기 때문에 효창공원 운동장 설치 지시자를 조사 처단하겠다.” 1956년 6월 9일 독립운동가 출신  양일동 무소속 의원은 국회에서 이렇게 호통쳤다. 이승만 정권이 김구 선생과 ‘3의사’(윤봉길 이봉창 백정기)가 안장된 효창공원에 육상경기장을 짓겠다면서 임정 요인 묘소 이장을 추진했기 때문. 결국 묘소는 보존한 채 축구장을 짓는 것으로 타협이 됐다. □ 이승만 정권이 정적이었던 김구의  색채를 지우기 위해 축구장을 건설한 것처럼, 효창공원에는 정체성 대립의 흔적이 켜켜이 남아 있다. 박정희 정권 때는 임정 요인들 묘 북쪽에 원효대사 동상, 북한반공투사위령탑(1969)이 세워졌고, 대한노인회 건물(1972)도 들어섰다. ‘육영수 송덕비’도 이때 건립됐다. 정권이 애국과 반공 이데올로기 과시 공간으로 효창공원을 활용한 것. 민주화 이후에는 독립운동가 성역화 작업이 시작됐다. 김대중 정부가 공원 내 테니스장을 밀어내고 그 자리에 백범기념관을 세운 일(2002)이 상징적이다. □ 2000년대 이후 독립공원화, 성역화 작업은 4차례나 시도됐지만 운동장 대체 부지 마련 어려움, 주민반대 등으로 번번이 무산됐다. 그 결과 효창공원은 근린공원으로서도, 추모묘역으로서도 정체성이 애매하다. 공원 내부에 높은 돌담이 세워져 있고 대한축구협회, 대한노인회 등 관련단체들이 점유한 공간 사이에 경계가 뚜렷하다. 1년 이용자 수 33만 명으로, 현충원(223만 명), 보라매공원(835만 명·2019년)에 크게 못 미쳐 ‘도심 속의 섬’과도 같다. □ 이재명 대통령이 지난 20일 국가보훈처에 효창공원 국립공원화를 주문했다. 독립운동가 묘역 중심 성역화라는 뜻일 것이다. 문제는 ‘성역화’에만 치중하면  방문객이 줄어들 수  있다는 우려다. 공원 인근(청파동, 갈월동)이 재개발 중인데  용산구는 국립공원 추진으로 “지역개발이 제한받아서는 안 된다”고 선을 긋고 나섰다. 종묘 앞 세운상가 재개발 문제처럼 정부와 서울시의 주도권 다툼 불씨도 잠재해 있다. 역사성을 살리면서도 시민들이 쉽게 찾을 수 있는 공원으로 바꿀 묘책이 나와야 할 것이다.",C-3,T-3,B-3,True,e849d0b7f9b6,G-7
이재명,48ac5cff0c05,2026-01-29 18:00:00,2026-01-29 18:03:03,“판 엎겠다”는 현대차 노조…로봇 도입 재반발,한편 이재명 대통령은 이날 AI 기술 발전 흐름을 언급하며 “생산 로봇을 현장에 못 들어오게 하겠다고 어느 노조가 선언한 것 같다”며 “거대한 흐름은 피할 수 없다. 빠르게 적응해야 한다고”고 말했다. 이 대통령은... ,https://n.news.naver.com/mnews/article/243/0000092188?sid=103,https://economist.co.kr/article/view/ecn202601290080,"현대차 노조 “로봇 일방 투입 시 판 엎을 것” 李 대통령 “거대한 흐름 피할 수 없어” [이코노미스트 박세진 기자] 현대자동차 노동조합이 생산 현장 로봇 투입을 둘러싼 고용 불안을 다시 제기했다. 노조는 사측이 일방적으로 이를 추진할 경우 “판을 엎겠다”고 강하게 경고했다. 현대차 노조는 29일 소식지에서 “최근 사측의 움직임을 보면 로봇 투입이 가능한 해외 공장으로 물량을 먼저 빼낼 것”이라고 주장했다. 이어 “국내에는 남은 물량으로 퍼즐을 맞추다가, 마지막 빈칸으로 공장 유휴화를 진행할 것으로 보인다”라고 했다. 그러면서 “그 자리에 로봇 투입이 가능하거나 자동화 수준이 극대화된 형태의 신공장이 들어서는 것은 불 보듯 뻔하다”고 전했다. 또 “지난 1월 7일 현대차그룹 최고 전략 회의인 글로벌리더스포럼(GLF)에서 ‘DF247’로 불리는 무인공장 프로젝트가 논의됐다”고 말했다. DF247은 ‘불도 켜지 않고 24시간 7일 쉬지 않고 가동되는 어둠의 공장’을 뜻한다. 이어 “사측이 생산 현장에서 사람을 배제하고 인공지능(AI) 기반 로봇만으로 운영되는 공장을 구현하려 한다”고 주장했다. 또 “이제는 인간이 로봇을 만들고, 그 로봇이 다시 로봇을 만들어 일자리를 대체하게 된다”라며 “그 어디에도 사람은 없고, 소비와 공급의 균형이 깨지면서 한국 경제의 악순환이 이어질 것”이라고 비판했다. 로봇 도입에 반대하는 노조를 ‘이기주의’로 보는 시각에 대해선 “대안 없이 추진되는 로봇 투입과 물량 이전에 아무 말도 하지 말라는 것이냐”고 반문했다. 앞서 노조는 지난 22일 소식지에서도 휴머노이드 양산형 로봇 ‘아틀라스’의 해외 공장 도입 가능성을 언급하며 “노사 합의 없이는 로봇 1대도 생산 현장에 들어올 수 없다”고 밝힌 바 있다. 노조는 “인건비 절감을 명분으로 AI 로봇 투입이 가시화하고 있다”며 “노사 합의 없는 도입은 절대 용납할 수 없다”고 재차 강조했다. 한편 이재명 대통령은 이날 AI 기술 발전 흐름을 언급하며 “생산 로봇을 현장에 못 들어오게 하겠다고 어느 노조가 선언한 것 같다”며 “거대한 흐름은 피할 수 없다. 빠르게 적응해야 한다고”고 말했다. 이 대통령은 특정 기업이나 노조를 직접 언급하지는 않았으나, 최근 아틀라스의 현장 투입을 둘러싸고 ‘노사 합의 없는 도입은 불가하다’는 입장을 밝힌 현대차 노조를 의식한 발언으로 해석된다.",C-2,T-2,B-2,True,48ac5cff0c05,G-8
이재명,188e4009d115,2026-01-29 17:59:00,2026-01-29 18:03:03,반도체특별법·제헌절 공휴일 본회의 통과,"이재명 대통령이 ""국회가 너무 느려서 일을 할 수가 없다""며 입법 속도를 지적한 지 이틀 만이다. 29일 국회는... 이재명 대통령은 앞서 지난해 7월 수석보좌관회의에서 ""헌법이 제정·공포된 것을 기념하는 제헌절을... ",https://n.news.naver.com/mnews/article/009/0005629532?sid=100,https://www.mk.co.kr/article/11947423,"국가전략산업인 반도체 산업 지원을 위한 반도체특별법이 국회 본회의를 통과했다. 2024년 11월 당정 간 협의로 법안이 발의된 지 1년3개월 만이다. 여야는 또 제헌절을 공휴일로 지정하고 학자금대출 이자 면제 대상을 확대하는 등 비쟁점 민생법안 90여건을 무더기로 통과시켰다. 이재명 대통령이 ""국회가 너무 느려서 일을 할 수가 없다""며 입법 속도를 지적한 지 이틀 만이다. 29일 국회는 본회의를 열고 여야가 전날 합의한 비쟁점 법안 90여건을 통과시켰다. 이날 통과된 법안 중엔 반도체 산업 경쟁 강화를 위한 지원 특별법(반도체특별법)이 포함됐다. 여야 재석 의원 206명 중 찬성 199명, 기권 7명으로 처리됐다. 이 법안은 반도체클러스터 지정과 재정·행정적 지원, 전력·용수 등 산업 인프라스트럭처 확충에 대한 예비타당성조사 특례 및 인허가 지원 근거를 담고 있다. 대통령 소속 반도체산업경쟁력강화위원회를 설치하고 5년 단위 기본계획을 수립하도록 명시했다. 반도체특별법은 2024년 6월 처음으로 의원 발의됐고, 같은 해 11월 당시 여당인 국민의힘이 당론으로 채택하며 관련 법안을 내놓은 바 있다. 그러나 연구개발(R&D) 인력에 대한 주 52시간 근로시간 예외(화이트칼라 이그젬프션) 조항을 둘러싼 여야 간 입장 차이와 그 뒤 비상계엄과 탄핵, 대선으로 이어진 정국 불안정으로 장기간 계류됐다. 지난해 12월 법제사법위원회 통과 후 한 달 넘게 본회의에 머무르다 이날 통과됐다. 다만 화이트칼라 이그젬프션 조항은 노동권 침해 우려로 담기지 않았다. 국회법 개정안도 이날 처리됐다. 필리버스터(무제한 토론) 진행 시 국회의장이 지정하는 상임위원장이 대신 사회를 볼 수 있도록 하는 내용이 골자다. 이는 국민의힘 소속 주호영 부의장이 우원식 국회의장의 회의 진행에 반발하며 사회를 거부함에 따라 우 의장과 더불어민주당 소속 이학영 부의장만이 장시간 사회를 전담해야 했던 상황을 해소하기 위한 조치다. 국민 휴식권 보장을 위해 제헌절을 다시 공휴일로 지정하는 법률 개정안도 가결됐다. 이로써 2008년 공휴일에서 제외된 이후 18년 만에 제헌절이 복귀했다. 올해 제헌절은 금요일로, 법안 통과에 따라 사흘간의 연휴가 생기게 됐다. 이재명 대통령은 앞서 지난해 7월 수석보좌관회의에서 ""헌법이 제정·공포된 것을 기념하는 제헌절을 공휴일로 지정하는 방안을 검토하면 좋겠다""고 언급한 바 있다. 대·중소기업 상생협력 촉진법 개정안은 기술 탈취 손해배상 소송에 전문가 사실조사 제도를 도입하고 법원의 요구 시 중소벤처기업부 장관의 행정조사 기록 송부를 의무화했다. 공연법 개정안은 암표 판매자에게 판매액의 최대 50배에 달하는 과징금을 부과하고 이익을 몰수·추징할 수 있게 했으며, 통신판매중개업자에게도 부정 판매 방지 조치 의무를 부여했다. 아울러 문화체육관광부 장관이 불법 복제물을 긴급 차단할 수 있고, 저작권 침해에 대해 5배의 징벌적 손해배상을 도입하는 저작권법 개정안도 의결됐다. 또 대통령 관저와 국회의장·대법원장·헌법재판소장 공관 인근 100ｍ 이내의 집회와 시위를 원칙적으로 금지하는 집시법 개정안도 통과됐다. 국회는 다음달 2일 임시국회를 열기로 합의했다. [류영욱 기자 / 박나은 기자]",C-10,T-10,B-9,True,188e4009d115,G-9
이재명,d0a28a15cb60,2026-01-29 17:59:00,2026-01-29 18:03:03,"변호사 비밀유지 의무, 이젠 법으로 명문화","이재명 대통령 역시 대선 후보 시절 ACP 도입을 공약했다. 앞서 법무부는 전문가 의견을 수렴하고 해외 입법례를 검토해 이번 개정안을 마련했다. 정성호 법무부 장관은 ""개정안을 통해 헌법상 변호인 조력권을 실질적으로... ",https://n.news.naver.com/mnews/article/009/0005629537?sid=102,https://www.mk.co.kr/article/11947421,"변호사의 비밀유지권(ACP)이 명시된 변호사법 개정안이 29일 국회 본회의를 통과했다. 국회는 29일 본회의에서 변호사법 개정안을 재석 234명 중 찬성 201표로 통과시켰다. 개정안은 변호사법에 제26조의2를 신설해 변호사와 의뢰인 사이의 비밀 의사 교환을 공개하지 않을 권리를 규정했다. 수사기관이 수임 사건 관련 서류나 자료의 공개와 제출 또는 열람을 요구할 수 없도록 한 내용도 포함됐다. 다만 의뢰인이 동의하거나 해당 자료가 범죄에 이용됐거나 이용될 우려가 있는 등 중대한 공익상 필요가 있을 때는 예외를 인정한다. 지금까지 변호사법은 '비밀누설 금지' 의무만 두고 있었을 뿐 수사기관 요구에 대한 거부권은 명문화돼 있지 않았다. 이 때문에 수사기관이 변호사를 압수수색할 경우 의뢰인과 변호인 사이에 오고 갔던 자료 등이 그대로 노출된다는 지적이 꾸준히 제기돼왔다. 이재명 대통령 역시 대선 후보 시절 ACP 도입을 공약했다. 앞서 법무부는 전문가 의견을 수렴하고 해외 입법례를 검토해 이번 개정안을 마련했다. 정성호 법무부 장관은 ""개정안을 통해 헌법상 변호인 조력권을 실질적으로 보장함으로써 인권의 가치가 더욱 존중받는 선진 법제의 토대가 될 것으로 기대한다""며 ""법무부는 비밀유지권이 국민 일상에서 부작용 없이 안착될 수 있도록 지속적으로 지원할 예정""이라고 말했다. 법조계에서는 이번 개정안이 기업 법무와 컴플라이언스 실무에 직접적인 변화를 가져올 것으로 보고 있다. 노민호 법무법인 태평양 변호사는 ""향후 적용 범위와 예외 사유, 증거능력 판단 기준은 판례를 통해 형성될 가능성이 높은 만큼 기업과 법무부서는 평소 업무에서부터 ACP 적용을 전제로 자료 관리 계획을 수립하고 관련 내부 의사결정 구조 점검을 신속히 준비할 필요가 있다""고 말했다. 변호사 단체도 환영의 입장을 내놨다. 대한변호사협회는 ""ACP는 단지 변호사에게 부여되는 특권이 아니다""며 ""수사와 재판의 절차적 정당성을 확보하기 위한 헌법적 안전장치""라고 밝혔다. [강민우 기자]",C-9,T-9,B-8,True,d0a28a15cb60,G-10
이재명,973cbc81573a,2026-01-29 17:58:00,2026-01-29 18:03:03,용산업무지구에 1만가구 … 과천 경마장 9800가구 미니신도시,"이 땅은 지난해 11월 이재명 대통령이 정부 자산 매각을 전면 중단하라고 지시하면서 입찰 하루 만에 매각 공고가 철회됐고, 이번 대책에서 주택 공급 용지로 확정됐다. 정부는 공급 확대와 함께 투기 수요 차단을 위한... ",https://n.news.naver.com/mnews/article/009/0005629527?sid=101,https://www.mk.co.kr/article/11947406,"정부가 서울·수도권에 6만가구 공급을 골자로 발표한 '도심 주택 공급 확대 및 신속화 방안'은 용적률 상향과 유휴 국유지 환수를 통해 서울 도심 핵심 입지에 대규모 주택을 공급하는 데 초점이 맞춰졌다. 청년과 신혼부부가 선호하는 이른바 '상급지'에 직주근접형 주거 단지를 조성해, 외곽 신도시 중심이었던 기존 공급 방식에서 방향을 전환하겠다는 구상이다. 특히 용산과 과천, 태릉 등 이번 대책의 핵심 공급지를 합치면 총 2만9100가구로, 판교신도시(3만2000가구)에 육박한다. 정부는 이들 지역을 주거와 업무 기능이 결합된 대규모 도심 주거·업무 벨트로 재편한다는 계획이다. 최대 승부처는 용산이다. 정부는 당초 6000가구로 계획됐던 용산국제업무지구의 주택 물량을 용적률 상향과 주거 비율 조정을 통해 1만가구로 늘렸다. 용산공원 인접 캠프킴 용지 역시 관련 법 개정을 통해 공급 물량을 확대했다. 정부는 용산공원법에 명시된 녹지 확보 기준을 기존 '1인당 3㎡'에서 '1가구당 3㎡'로 조정해 당초 계획보다 1100가구 늘어난 총 2500가구를 공급하기로 확정했다. 이에 따라 용산국제업무지구와 용산공원 인접 용지 등 용산역 일대에서만 1만2500가구 이상이 공급될 전망이다. 정부는 용산공원 본체에 대한 주택 공급 가능성도 열어두고 있다. 이재평 국토교통부 주택공급정책관은 ""교육청은 기존 6000가구 계획에서 단 한 가구라도 늘리는 데 대해 반대 입장이 강했다""며 ""학생 배치 문제를 우려한 것인데, 장기간 협의 끝에 기존 학교 용지를 이전해 주택을 추가로 공급하는 대안까지 도출됐다""고 설명했다. 다만 최종 물량 확정의 열쇠를 쥔 서울시와의 협의는 현재 진행형이다. 이 정책관은 ""교육청은 인허가권을 가진 서울시와 협의하라는 입장""이라며 ""서울시와 논의 중이지만 아직 명확한 결론이 난 단계는 아니다""고 말했다. 이어 ""용산정비창은 국유지인 만큼 단순한 경제논리나 도시개발법의 잣대로 가구 수를 제한하는 것이 바람직한지에 대해서는 문제를 제기하고 있다""고 밝혔다. 그는 ""주거 비율과 용적률, 공원 배치 등을 종합적으로 검토하는 과정에서 공급 물량이 더 늘어날 가능성도 있다""고 덧붙였다. 경기권에서는 과천이 승부처다. 정부는 과천 경마공원과 국군방첩사령부 용지 일대를 통합 개발해 미니 신도시급인 9800가구를 공급할 계획이다. 이 지역은 양재 인공지능(AI) 특구와 연계한 '과천 AI 테크노밸리'로 조성된다. 경마공원과 마사회 대체 용지는 경기도 내 지역이 유력하게 검토되고 있다. 김영국 국토부 주택공급추진본부장은 ""신속한 공급을 위해 이미 어느 정도 조성이 이뤄진 경기도 내 후보지를 중심으로 이전을 검토하고 있다""고 말했다. 박정훈 농림축산식품부 식량정책실장은 ""마사회 용지는 공기업 자산인 만큼 이사회의 결정이 필요하다""며 ""집행부와 노조, 이용객 등 이해관계자와 협의해 대안을 마련하겠다""고 밝혔다. 과천시와의 협의도 과제로 남아 있다. 이 정책관은 ""9800가구 공급안은 내부적으로 설정한 수치로, 과천시와 100% 합의된 것은 아니다""며 ""자족용지 확보나 기업 배치 등 시의 요구 사항에 대해서는 충분히 배려할 계획""이라고 설명했다. 장기 표류하던 노원구 태릉CC(6800가구)는 세계유산영향평가를 수용해 왕릉 경관을 보호하는 중층 위주 개발 방식으로 재추진된다. 정부는 용지 확보를 위해 민간 매각이 임박했던 국유지까지 회수하는 강수도 뒀다. 대표적인 사례가 용산구 서빙고동 주한미군 501정보대 용지다. 이 땅은 지난해 11월 이재명 대통령이 정부 자산 매각을 전면 중단하라고 지시하면서 입찰 하루 만에 매각 공고가 철회됐고, 이번 대책에서 주택 공급 용지로 확정됐다. 정부는 공급 확대와 함께 투기 수요 차단을 위한 규제도 병행한다. 국토교통부는 성남 금토2·여수2 등 신규 택지 후보지 2곳을 토지거래허가구역으로 즉시 지정했다. 특히 과천시 주암동 일대는 기존 아파트에 한정됐던 토허제 적용 대상을 연립·다세대 등 모든 주택으로 확대했다. [홍혜진 기자]",C-11,T-11,B-10,True,973cbc81573a,G-11
이재명,aa0551d8c323,2026-01-29 17:58:00,2026-01-29 18:03:03,검찰청 폐지 앞둔 檢 중간간부 인사…서울중앙지검 차장 전원 교체,"이재명 정부의 두 번째 검찰 중간 간부 인사이자 공소청 출범 이전 마지막 대규모 인사가 29일 단행됐다. 법무부는 이날 고검검사(차장·부장검사) 569명, 일반검사 358명에 대한 전보 인사를 시행했다고 밝혔다. 전국 최대... ",https://n.news.naver.com/mnews/article/448/0000587144?sid=102,https://news.tvchosun.com/site/data/html_dir/2026/01/29/2026012990233.html,"이재명 정부의 두 번째 검찰 중간 간부 인사이자 공소청 출범 이전 마지막 대규모 인사가 29일 단행됐다. 법무부는 이날 고검검사(차장·부장검사) 569명, 일반검사 358명에 대한 전보 인사를 시행했다고 밝혔다. 전국 최대 검찰청인 서울중앙지검의 '2인자'이자 최선임 차장인 1차장에는 안동건 대검찰청 반부패1과장이 새로 임명됐다. 2차장은 김태헌 부산동부지청 차장이, 3차장은 김태훈 법무부 대변인이 각각 보임됐다. 반부패수사부 등 직접 수사 부서를 지휘하는 4차장검사에는 이승형 대구지검 2차장이 임명됐다. 기존 서울중앙지검 1·2·3·4차장은 부임 1년을 채우지 못하고 모두 보직을 옮기게 됐다. '대장동 항소 포기' 사태 당시 집단 성명을 냈던 검사 일부는 한직으로 좌천됐다. 임일수 수원지검 성남지청장과 손찬오 부산지검 서부지청장은 서울고검 검사로, 최행관 부산지검 동부지청장은 서울고검 공판부장으로 발령났고, 김윤선 대전지검 천안지청장은 부산고검으로 이동했다. 법무부는 ""10월 공소청 전환을 앞두고 국민을 위한 검찰개혁을 충실히 준비하기 위해 검찰 조직을 새롭게 정비했다""며 ""업무 전문성과 실력을 갖춘 우수한 검사들을 적재적소에 배치하고, 국민의 인권 보호와 권리구제를 위해 묵묵히 검찰 본연의 업무를 수행한 검사들을 중용했다""고 설명했다.",C-12,T-12,B-11,True,aa0551d8c323,G-12
이재명,b9dad782268a,2026-01-29 17:57:00,2026-01-29 18:03:03,"이 대통령, 다음 달 5일 박찬대 등 전직 원내대표단과 만찬",이재명 대통령이 다음 주 박찬대 전 원내대표 등 전직 원내지도부와 만찬을 진행할 예정입니다. 더불어민주당 관계자는 오늘(29일) YTN에 다음 달 5일 박 전 원내대표를 비롯한 1기 원내대표단과 비공개 만찬이 예정돼... ,https://n.news.naver.com/mnews/article/052/0002307714?sid=100,https://www.ytn.co.kr/_ln/0101_202601291757281505,"이재명 대통령이 다음 주 박찬대 전 원내대표 등 전직 원내지도부와 만찬을 진행할 예정입니다. 더불어민주당 관계자는 오늘(29일) YTN에 다음 달 5일 박 전 원내대표를 비롯한 1기 원내대표단과 비공개 만찬이 예정돼 있다고 말했습니다. 박 전 원내대표는 이 대통령이 당 대표 시절 당내 '투톱'으로 12·3 비상계엄과 탄핵 국면을 함께했고, 상임 총괄선거대책위원장을 맡아 대선 승리를 이끌었습니다. 오는 6·3 지방선거에서는 민주당 인천시장 후보군으로도 거론됩니다. ※ '당신의 제보가 뉴스가 됩니다' [카카오톡] YTN 검색해 채널 추가 [전화] 02-398-8585 [메일] social@ytn.co.kr",C-13,T-13,B-12,True,b9dad782268a,G-13
청와대,e66318cf7908,2026-01-29 17:56:00,2026-01-29 18:03:12,'기간제 2년 제한' 규제 풀고 호봉제 임금체계 개편 시동,"29일 노동계에 따르면 청와대는 고용노동부, 재정경제부, 중소벤처기업부, 청와대 노동비서관과 중소기업벤처비서관 등이 참여하는 ‘범부처 노동구조개혁 태스크포스(TF)’를 최근 출범시켰다. 문진영 청와대... ",https://n.news.naver.com/mnews/article/015/0005244275?sid=102,https://www.hankyung.com/article/2026012919271,"정부 '노동구조개혁 TF' 출범 메가특구 근로시간 완화도 논의 이재명 정부가 노동시장 이중구조를 해소하는 한편 근로시간과 임금체계를 유연화하는 것을 골자로 하는 노동구조 개혁에 나섰다. 경영계 숙원이던 기간제 근로자 사용 기간 제한 완화와 직무·성과급 중심의 임금체계 개편 등이 논의 테이블에 올랐다. 29일 노동계에 따르면 청와대는 고용노동부, 재정경제부, 중소벤처기업부, 청와대 노동비서관과 중소기업벤처비서관 등이 참여하는 ‘범부처 노동구조개혁 태스크포스(TF)’를 최근 출범시켰다. 문진영 청와대 사회수석이 TF장을 맡았다. TF는 이미 세 차례 회의를 마쳤으며, 이르면 다음달 이재명 대통령에게 보고한 뒤 구체적인 개혁 과제를 발표할 계획이다. 한국경제신문이 입수한 TF 문건에 따르면 주요 논의 과제는 열 가지다. 주로 ‘노동 유연성 확보’와 ‘취약 근로자 보호’에 방점이 찍혔다. 우선 현재 2년인 기간제 사용 기간 제한을 3년 이상으로 확대하는 방안을 유력하게 검토하고 있다. 그동안 현행법상 기간제 근로자를 2년 이상 고용하면 정규직으로 전환해야 하는 규제가 오히려 비정규직의 고용 단절을 부추긴다는 지적이 제기돼 왔다. ‘동일가치노동·동일임금 원칙 법제화’와 함께 ‘임금체계 개편’도 개혁 과제에 포함됐다. 연차가 쌓이면 연봉이 올라가는 호봉제 아래에서는 동일가치노동·동일임금 원칙을 법제화하기 어렵다는 판단이 깔린 것으로 분석된다. 인공지능(AI) 등 글로벌 패권 경쟁이 치열한 전략 산업 분야에서 특별연장근로를 확대하고 지역 ‘메가 특구’에 한해 근로시간 규제를 완화하는 방안도 논의하고 있다. 노동계 요구사항이자 이재명 정부 국정과제인 ‘5인 미만 사업장 근로기준법 전면 적용’과 ‘1년 미만 근로자 퇴직금 지급’도 포함됐다. 이재명 정부가 추진하는 노동구조개혁의 특징은 ‘현장 중심 실용주의’다. 특히 인공지능(AI)과 반도체 등 글로벌 패권 경쟁이 치열한 전략 산업 분야에서 “규제가 발목을 잡고 있다”는 산업계 호소를 수용해 근로시간 규제 완화를 논의 테이블에 올렸다. 기간제 근로자 2년 제한 등 비정규직을 보호한다는 취지로 도입됐지만 실제로는 노동시장 이중 구조를 악화시킨 제도도 과감히 손보기로 했다. TF는 AI 연구개발(R&D) 등 국가 전략 산업에 한해 특별연장근로를 확대하는 방안을 논의하고 있다. 특별연장근로란 재난이나 업무량 폭증 등 특별한 사정이 있을 때 고용노동부 인가를 받아 주 52시간을 넘겨 일할 수 있게 하는 제도다. 산업통상부와 중소벤처기업부 등 경제 부처는 “중국 항저우 등의 산업단지는 24시간 불이 꺼지지 않는데 우리는 연구 흐름이 끊겨 경쟁력이 수직 낙하하고 있다”는 산업계 요청을 수렴해 TF에서 강하게 의견을 밝힌 것으로 알려졌다. 메가특구에서 주 52시간 근로제 규제를 완화하는 방안도 논의한다. 메가특구란 여러 시·도를 하나의 광역권으로 묶어 동일한 규제 특례를 적용하는 초대형 규제 완화 지역이다. 한 도시나 일부 지역에 국한됐던 규제자유특구나 산업단지에서 벗어나 수도권 남부, 충청권, 동남권, 호남권 등 권역을 AI, 반도체, 바이오 등 전략산업 특구로 지정해 규제를 완화하고 인프라 구축 등을 지원하는 개념이다. 익명을 요구한 정부 관계자는 “전략산업을 중심으로 지역 단위 규제 적용 방식을 전반적으로 재검토하고 있다”며 “근로시간 문제를 포함한 주요 쟁점은 관계 부처 협의를 거쳐 방향을 정리해 나갈 것”이라고 말했다. 기간제 근로자 2년 고용 제한 완화도 논의 대상이다. 비정규직 보호를 위해 2007년 도입된 기간제 및 단시간근로자 보호 등에 관한 법률은 ‘2년 이상 고용 시 정규직(무기계약직) 전환’을 의무화하고 있다. 경영계는 2년 제한이 고용 경직성을 높인다는 입장이다. 박근혜 정부 시절 2년 규제를 4년으로 늘리는 방안을 추진했지만 노동계가 거세게 반발해 무산됐다. 정부는 노동시장 이중 구조도 정조준했다. 이 대통령 핵심 공약인 ‘동일노동동일임금’ 원칙을 법제화하는 동시에 이를 뒷받침하기 위해 직무급제 도입도 논의하기로 했다. 직무급제는 업무 난이도와 성과에 따라 보수를 차등화하는 방식이다. 근속연수에 따라 임금이 오르는 호봉제(연공서열제)를 유지한 채로는 노동시장 이중 구조를 해결할 수 없다는 판단에서다. 하지만 대기업 정규직 노조 중심의 강력한 저항이 예상된다. 현행법상 임금체계 변경은 ‘취업규칙 불이익 변경’에 해당할 소지가 커 법적·제도적 보완책 마련이 TF의 최대 과제가 될 전망이다. 정부는 오는 2월 로드맵을 발표하고 하반기부터 본격적인 입법화에 나선다는 계획이다. 노동 보호 장치 강화 논의도 병행된다. TF는 야간 노동에 따른 건강권 보호 대책 마련과 연차휴가 일수 확대를 통해 실질적인 휴식권을 보장하는 방안을 함께 검토 중이다. 야간 노동 건강권 보호에서는 쿠팡 등 새벽배송 산업 노동자의 휴식권 보장 방안 등이 거론될 것으로 보인다. TF는 또 3월 시행이 예정된 ‘노란봉투법’(노동조합 및 노동관계조정법 2·3조 개정안)의 현장 안착 지원도 함께 논의한다. 익명을 요구한 정부 관계자는 “진보 정부라면 꺼내기 힘들었을 기간제 규제 완화 등이 의제에 오른 것은 우리 산업계의 위기의식이 그만큼 크다는 방증”이라며 “대통령 보고 과정에서 노동계 반발을 고려해 세부 수위가 조절될 가능성은 남아 있다”고 했다.",C-4,T-4,B-3,True,e66318cf7908,G-14
이재명,38e623dcdf80,2026-01-29 17:56:00,2026-01-29 18:03:03,성장펀드 1호 투자는 '풍력'… 신안우이에 7500억 저리대출,"올해 3분기부터 자금 공급 지방 AI인프라 육성 마중물 이재명 정부의 첫 금융 관련 공약으로 야심 차게... 전남 신안 소재라는 점에서 지역 균형발전의 의미가 있고, 이재명 정부가 강조하는 풍력 등 신재생에너지... ",https://n.news.naver.com/mnews/article/009/0005629517?sid=101,https://www.mk.co.kr/article/11947390,"이재명 정부의 첫 금융 관련 공약으로 야심 차게 출범한 국민성장펀드가 정부 출범 6개월여 만에 1호 투자처를 신안우이 해상풍력 발전사업으로 확정 지었다. 전남 신안 소재라는 점에서 지역 균형발전의 의미가 있고, 이재명 정부가 강조하는 풍력 등 신재생에너지 사업이라 1호 사업으로 낙점받았다는 해석이 나온다. 국민성장펀드 기금운용심의회는 29일 첨단전략산업기금이 신안우이 해상풍력 발전사업에 7500억원 규모 선·후순위 대출을 해주는 안건을 의결했다고 밝혔다. 국민성장펀드 출범 후 첫 번째 자금 공급이다. 본격적인 자금 집행은 올해 3분기에 이뤄질 예정이다. 구체적으로 선순위 대출(7000억원) 금리는 4.1%, 후순위 대출(500억원) 금리는 5%로 정해졌다. 민간 대출을 이용할 때보다 금리가 1%포인트 이상 저렴하다는 게 금융당국 측 설명이다. 대출 기간도 18~19년으로 길다. 이 사업이 국민성장펀드 1호 투자처가 된 건 비수도권 인공지능(AI) 인프라스트럭처 조성이라는 상징성이 크기 때문이다. 총 사업비가 3조4000억원에 달하는 이 사업은 전남 신안군 우이도 남측 해상에 발전용량 390㎿의 대규모 해상풍력 발전소를 건설하는 게 골자다. 한화오션, 한국중부발전, SK이터닉스, 현대건설 등이 참여한다. 순수 국내 자본으로 추진되는 국내 최초의 대규모 해상풍력 발전사업인 셈이다. 이곳에서 생산되는 전력은 국가 AI컴퓨팅센터 등 지역 내 첨단전략산업을 육성하는 데 쓰일 예정이다. 2029년 완공이 목표다. 지역 주민이 채권투자로 발전사업에 일정 부분 기여할 수 있는 구조이기도 하다. 주민 참여에 따른 연간 250억원 규모의 추가 수익 전액은 이른바 '바람소득' 형태로 지역 주민과 공유할 방침이다. 여러 상징성이 있는 만큼 미래에너지펀드도 해당 사업에 5440억원을 추가 지원한다. 미래에너지펀드는 한국산업은행과 은행권(KB국민·신한·하나·우리·NH농협)이 공동으로 조성한 별도 펀드다. 2040억원은 출자, 3400억원은 후순위 대출 형식으로 지원할 방침이다. 역시 미래에너지펀드 출범 이후 1호 금융 지원 사례다. 두 펀드의 지원 금액을 합하면 약 1조3000억원에 달한다. 금융위는 ""두 펀드의 자금 지원을 통해 신안우이 해상풍력 발전사업의 재무적 안정성이 보강됐다""며 ""사업 추진 속도가 가속화할 것으로 기대된다""고 말했다. [이희수 기자]",C-14,T-14,B-13,True,38e623dcdf80,G-15
청와대,ab00f882c6ea,2026-01-29 17:55:00,2026-01-29 18:03:12,"靑 “李대통령, AI·바이오 분야 스타트업 대상 IP 초고속 심사 유형 설...",강유정 청와대 대변인은 29일 청와대 여민관에서 열린 제21차 대통령 주재 수석보좌관 회의(수보회의)를 마친 뒤 춘추관에서 브리핑을 열고 “AI·바이오 분야의 스타트업을 대상으로 (IP) 초고속 심사 유형을 신설하는... ,https://n.news.naver.com/mnews/article/030/0003394766?sid=100,https://www.etnews.com/20260129000435,"이재명 대통령이 인공지능(AI)·첨단바이오 분야 산업 육성을 위해 해당 분야의 IP 초고속 심사 유형 신설을 지시했다. 이를 통해 AI·바이오 등 미래 먹거리 분야의 건전한 생태계를 육성하겠다는 취지다. 강유정 청와대 대변인은 29일 청와대 여민관에서 열린 제21차 대통령 주재 수석보좌관 회의(수보회의)를 마친 뒤 춘추관에서 브리핑을 열고 “AI·바이오 분야의 스타트업을 대상으로 (IP) 초고속 심사 유형을 신설하는 방안을 보고받은 이 대통령은 즉각 추진할 것을 지시했다”고 말했다. 이날 이 대통령은 모두발언을 통해 입법·행정·집행 분야에서 속도를 내달라고 당부했다. 특히 실행할 수 있는 정책을 우선적으로 신속하게 처리해달라고 지시했다. 강 대변인은 “국정은 결국 국민 삶을 개선하는 것이라면서 국민의 시선에서, 실행 가능한 것들을 최대한 신속히 찾아내서 집행해 달라며 속도전을 거듭 강조했다”고 밝혔다. 이날 수보회의가 비공개로 전환된 이후에는 '실행 가능한 것부터 집행하자'는 이 대통령의 철학을 바탕으로 이른바 '국민 체감정책'에 대한 논의를 펼쳤다. 특히 이재명 정부가 핵심 과제로 선택한 인공지능·바이오 성장 관련 정책의 경우 특허 확보와 사업화 등의 과정에서 속도를 내기 위한 방안이 논의됐다. 특히 이들은 AI·첨단바이오 IP 초고속 심사 유형 설치에 공감대를 형성하고 이를 본격적으로 추진하기 위한 절차에 들어갔다. 강 대변인은 “AI·첨단바이오 IP 초고속 심사는 기술 특성상 신속한 특허 확보가 사업화와 투자 유치의 관건임에도 불구하고 AI, 첨단바이오 분야의 특허 출원 건수가 대폭 늘어나면서 심사 대기시간이 평균 20개월 내외로 매우 늦어지는 현실이 문제점으로 지적됐다”면서 이 대통령이 AI·바이오 분야 스타트업을 대상으로 초고속 심사 유형을 신설하라는 지시를 내렸다고 전했다. 또 “심사관 충원에 들어가는 인건비 대비 벌어들일 수 있는 수익이 굉장히 커 국가 재정에 큰 도움이 된다면서 현재 1100여 명 수준인 인력 규모로는 심사 대기 시간을 단축하는 게 불가능한 만큼 중장기적으로 주요 경쟁국과 비교해 부족한 심사관의 수를 대폭 증원하는 방안을 신속히 추진하라고 지시했다”고 덧붙였다. '최우선 추진 과제'도 공개됐다. 청와대가 공개한 최우선 추진 과제에는 국민 절대다수가 즉각적인 변화 체감을 희망하는 것으로 △전동킥보드 안전관리 강화 △계좌 지급 정지 제도 적용 확대 △치매 장애 어르신 안심 재산 관리 △구독 서비스 해지 버튼 전면 노출 △최적 통신 요금제 알릴 의무 등 민생정책이 포함됐다. 아울러 이보다 최우선 과제보다는 순위가 낮은 '우선 추진 과제'로는 'AI·첨단 바이오 IP 초고속 심사'를 비롯해 △노쇼 방지 예약 보증금 기준 마련 △취업 후 상환 학자금 대출 확대 △청년 미래 적금 도입 등이 언급됐다. 강 대변인은 “국정 성패의 기준은 국민이 체감할 수 있는 변화의 크기에 달려있다면서 일상 속의 작은 부분이라도 개선할 수 있는 성과들을 꾸준히 속도감 있게 시행하고, 쌓아가 달라 당부했다”고 전했다. 최기창 기자 mobydic@etnews.com",C-11,T-5,B-4,True,ab00f882c6ea,G-16
청와대,201ac1b6c8db,2026-01-29 17:50:00,2026-01-29 18:03:12,"李, 로봇 거부 노조에 “거대한 수레 피할 수 없어”",이 대통령은 이날 청와대 수석보좌관회의에서 “진짜 의도라기보다는 투쟁 전략·전술의 일환일 것”이라며... 강유정 청와대 대변인은 이 대통령 발언의 배경에 대해 “큰 변화의 흐름을 외면하지 말고 따라가야 한다는... ,https://n.news.naver.com/mnews/article/011/0004584576?sid=100,https://www.sedaily.com/article/20002507?ref=naver,"수보회의서 언급 “빨리 적응해야” AI 시대 기본사회 필요성도 강조 이재명 대통령이 29일 인공지능(AI) 및 로봇 기술 발전과 관련해 “생산 로봇이 현장에 들어오지 못하게 하겠다는 선언이 있었던 것 같은데 흘러오는 거대한 수레를 피할 수는 없다”며 “빨리 적응해야 한다”고 밝혔다. 이 대통령은 이날 청와대 수석보좌관회의에서 “진짜 의도라기보다는 투쟁 전략·전술의 일환일 것”이라며 이같이 언급했다. 특정 노조를 직접 거론하지는 않았지만 최근 노사 합의 없이는 휴머노이드 로봇 ‘아틀라스’를 생산 현장에 투입할 수 없다고 밝힌 현대자동차 노조를 지목한 발언으로 해석된다. 이 대통령은 “증기기관과 기계가 도입될 당시에도 일자리를 빼앗는다며 기계를 부수자는 기계 파괴 운동이 있었다”며 “그러나 기술을 통제·조정·수리하는 새로운 역할이 생겼듯 지금도 빠른 적응이 필요하다”고 강조했다. 제조 로봇 투입이 일자리를 위협할 수 있다는 우려 속에 현대차 노조의 움직임이 19세기 영국의 러다이트 운동과 닮았다는 지적이 나온다. 이 대통령이 이 문제를 직접 언급하면서 향후 정부의 대응 방향에도 관심이 모아진다. 이 대통령은 “AI 로봇이 스스로 판단하고 데이터를 분석해 24시간 지치지 않고 일하는 시대가 올 것”이라며 “피할 수 없는 변화”라고 말했다. 이어 “AI 생산 수단을 가진 쪽은 막대한 부를 축적하고 다수는 일자리를 찾기 어려워질 수 있다”며 “고도의 전문 노동과 저임금 노동으로 일자리가 양극화될 가능성이 크고, 생각보다 빠르게 다가오고 있다”고 진단했다. AI 시대를 대비하기 위해 ‘기본사회’의 필요성도 강조했다. 이 대통령은 “(과거 성남시장 시절) 우리 사회의 미래에는 생산 수단의 소유나 생산능력이 양극화되면서 엄청난 사회적 문제가 될 것이고, 이에 대응하는 사회 시스템을 언젠가는 반드시 준비해야 된다. 소위 기본사회를 준비해야 된다고 주장했다”고 밝혔다. 그는 “이런 얘기를 했다가 ‘사회주의자’ ‘빨갱이’ 등 과격한 비판을 많이 들었지만 지금 상황에서는 저의 (AI 기본사회) 문제 제기에 대해 동의하는 분들이 많아진 것 같다”고 말했다. 다만 AI 문제와 관련해서는 “생산력이 특정 소수에게 집중되고 그 규모가 너무 크기 때문에 지나치게 정치적으로 접근해서는 안 된다”고 지적했다. 이 대통령은 또 “모든 국민이 AI를 사용하지 않을 수 없는 시대”라며 “정부가 학습 기회를 제공해 많은 사람이 AI를 도구로 생산에 참여할 수 있도록 해야 한다”고 강조했다. 그러면서 “‘절대 안 된다’ ‘말도 꺼내지 마라’는 식의 태도로는 변화에 적응할 수 없다”고 말했다. 강유정 청와대 대변인은 이 대통령 발언의 배경에 대해 “큰 변화의 흐름을 외면하지 말고 따라가야 한다는 대통령의 일관된 인식의 연장선”이라고 설명했다. 한편 이날 회의에서는 △전동킥보드 안전 관리 강화 △계좌지급정지제도 적용 확대 △최적통신요금제 고지 의무 등 국민이 체감할 수 있는 정책 제안이 논의됐다. 이 대통령은 “입법과 행정 과정에서 속도를 더 확보했으면 좋겠다”며 “국회에 대한 협력 요청이든 (행정에 있어) 집행이든 신속하게 해주시기를 당부드린다”고 말했다. 이 대통령은 또 “획기적인 것, 이런 데 너무 집착하다 보면 실제 할 수 있는 일을 못 하는 경우도 있다”며 “실효적으로 할 수 있는 일부터 빨리하자”고 강조했다.",C-16,T-6,B-5,True,201ac1b6c8db,G-17
청와대,602b1c49adcb,2026-01-29 17:50:00,2026-01-29 18:03:12,"경찰, 김정숙 여사 ‘옷값 특활비 의혹’ 재수사 끝에 무혐의 처분 유지",이 같은 의혹이 일자 시민단체 서민민생대책위원회는 2022년 3월 김 여사가 청와대 특활비 담당자에게 고가 의류와 장신구 등을 구매하도록 강요한 것으로 의심된다며 경찰에 고발했다. 당시 청와대는 “의류 구입... ,https://n.news.naver.com/mnews/article/023/0003956026?sid=102,https://www.chosun.com/national/national_general/2026/01/29/HJK5QK2LAVELBNEOIBYXVCKHWM/?utm_source=naver&utm_medium=referral&utm_campaign=naver-news,"문재인 전 대통령 부인 김정숙 여사의 ‘옷값 의혹’에 대해 무혐의 처분한 뒤 검찰로부터 재수사 요청을 받은 경찰이 같은 처분을 유지했다. 서울경찰청 반부패수사대는 최근 김 여사의 특정범죄가중처벌법상 국고 손실 혐의에 대해 불송치 결정을 재차 내렸다. 앞서 경찰은 김 여사의 혐의를 입증할 정황이나 증거가 없다고 판단해 지난 7월 무혐의 처분하며 “광범위한 수사를 진행했으며 관봉권을 통한 경로까지 확인했지만, 혐의를 입증할 만한 정황이나 증거가 없어 불송치 처분을 했다”고 밝혔다. 이후 서울중앙지검은 작년 10월 “현재 시점에서 경찰의 불송치 결정은 타당한 것으로 보이나 최소한 당사자의 소명이 있어야 한다”며 경찰에 재수사를 요청했다. 김 여사는 문 전 대통령 재임 당시 의상을 사는 데 특활비를 썼다는 의혹을 받았다. 이 같은 의혹이 일자 시민단체 서민민생대책위원회는 2022년 3월 김 여사가 청와대 특활비 담당자에게 고가 의류와 장신구 등을 구매하도록 강요한 것으로 의심된다며 경찰에 고발했다. 당시 청와대는 “의류 구입 목적으로 특활비 등 국가 예산을 편성해 사용한 적이 없고 사비로 부담했다”고 해명했다.",C-7,T-7,B-6,True,602b1c49adcb,G-18
청와대,7b7cc47f6124,2026-01-29 17:43:00,2026-01-29 18:03:12,"'주52시간 예외 적용' 빠진 반도체법, 국회 본회의 통과(종합)","조국혁신당 정춘생 의원은 ""개정안은 청와대 앞 100ｍ 이내를 사실상 집회 금지 구역으로 설정해 헌법이 보장하는 집회의 자유를 제한하고 있다""고 주장했다. 이날 본회의에서는 콘서트와 스포츠 경기 입장권 부정 판매에... ",https://n.news.naver.com/mnews/article/001/0015875125?sid=100,https://www.yna.co.kr/view/AKR20260129125251001?input=1195m,"'대통령 관저 인근 집회 예외 허용' 집시법 처리…대통령 집무실은 집회금지 상임위원장에도 필버 사회권·제헌절 공휴일법 등도 본회의 문턱 넘어 (서울=연합뉴스) 이슬기 김정진 기자 = 앞으로 대통령 관저와 국회의장·대법원장·헌법재판소장 공관 인근에서 옥외 집회·시위가 예외적으로 가능해진다. 국회는 29일 오후 본회의를 열고 이 같은 내용을 골자로 한 '집회 및 시위에 관한 법률 개정안'을 재석 197인에 찬성 119인, 반대 39인, 기권 39인으로 가결했다. 개정안은 앞서 헌법재판소가 대통령 관저와 국회의장 공관 인근 집회를 전면 금지한 현행법에 대해 헌법불합치 결정을 한 취지를 반영해 집회·시위 제한 규정을 손질한 것이다. 개정안은 대통령 관저 및 국회의장·대법원장·헌법재판소장 등의 공관 인근에서도 일정 요건을 충족할 경우 옥외 집회와 시위를 허용하도록 하는 단서 규정을 신설했다. 대통령 등 공관 거주자의 직무를 방해할 우려가 없거나, 대규모 집회·시위로 확산할 가능성이 없는 경우, 관저·공관의 기능 등을 침해할 우려가 없다고 인정되는 경우 등에 한해 옥외 집회·시위가 허용된다. 헌법상 대통령의 지위·역할을 감안해 대통령 집무실을 옥외집회 및 시위 금지 장소에 새로 포함하는 내용도 개정안에 포함됐다. 이처럼 개정안은 대통령 관저 등에 대한 집회·시위를 제한적으로 허용하는 신설 규정을 뒀지만, 법안을 둘러싼 자의적 해석 가능성 등으로 인해 집회·시위의 자유를 여전히 침해할 수 있다는 비판이 나왔다. 대통령 집무실을 집회·시위 금지 구역으로 신설한 데 대해서도 반대 의견이 있었다. 이에 여야를 막론하고 적지 않은 반대·기권표가 쏟아졌다. 국민의힘 의원들이 대거 투표에 불참하거나 반대·기권표를 던진 가운데 더불어민주당에서도 김영진·이소영·최기상·김영환·부승찬 의원 등이 기권했다. 진보당 손솔 의원은 반대 토론에서 ""어떤 집회가 대규모 집회로 확산할 우려가 있는지와, 과연 대통령 집무를 방해할지를 모두 경찰이 판단한다""며 ""경찰의 자의적 해석에 따라 집회를 사전 차단하는 것은 사실상 집회 허가제""라고 주장했다. 조국혁신당 정춘생 의원은 ""개정안은 청와대 앞 100ｍ 이내를 사실상 집회 금지 구역으로 설정해 헌법이 보장하는 집회의 자유를 제한하고 있다""고 주장했다. 이날 본회의에서는 콘서트와 스포츠 경기 입장권 부정 판매에 과징금을 물리는 이른바 '암표 근절법'(공연법 개정안·국민체육진흥법 개정안)도 통과됐다. 두 개정안은 모두 입장권 등의 부정 판매 금지 행위에 대한 범위를 확대하고, 입장권 판매업자의 부정 구매·판매 방지 조치를 위한 의무를 규정했다. 특히 입장권을 부정 판매할 경우 판매 금액의 50배 이하의 과징금을 부과할 수 있도록 하는 규정을 신설했다. 이태원참사 희생자 또는 피해자에 대한 명예훼손·모욕을 2차 가해로 정의하고, 이를 금지하도록 한 '10·29 이태원참사 피해자 권리 보장과 진상 규명 및 재발 방지를 위한 특별법 개정안'도 본회의 문턱을 넘었다. 공휴일에 관한 법률 개정안의 통과에 따라 현재 국경일 중 유일하게 공휴일에서 제외된 제헌절도 공휴일로 다시 지정됐다. 반도체 산업 역량 강화를 위한 지원 방안을 담은 '반도체산업 경쟁력 강화 및 지원에 관한 특별법안'(반도체특별법) 역시 여야 합의로 국회 본회의를 통과했다. 법안은 ▲ 대통령 소속 '반도체산업 경쟁력 강화 특별위원회' 설치 ▲ '반도체 클러스터' 지정 및 기반 시설 조성·지원 ▲ 전력·용수·도로망 등 관련 산업기반 확충 ▲ 예비타당성조사 우선 선정 및 면제 절차 등을 규정하는 내용을 담고 있다. 다만 여야 간 이견이 있던 '주 52시간 예외 적용' 조항은 빠졌다. 여야가 쟁점 법안을 놓고 필리버스터(무제한 토론을 통한 합법적인 의사진행 방해) 대치를 반복하는 가운데 필리버스터 시 상임위원장도 사회를 볼 수 있도록 하는 국회법 개정안도 본회의를 통과했다. 국회는 이날 본회의에서 재석 239인 중 찬성 188인, 반대 39인, 기권 12인으로 이런 내용의 법안을 의결했다. 법안은 국회의장이 필리버스터 중에 본회의 사회권을 국회부의장뿐 아니라 상임위원장에게도 이양할 수 있는 내용을 담고 있다. 우원식 국회의장은 법안 통과 직후 국민의힘 소속인 주호영 국회부의장을 겨냥, ""의장단 중 한 분이 오랜 기간 사회를 거부하는 비정상적인 형태의 무제한 토론이 계속되면서 불가피하게 국회법 개정 의견에 동의했다""며 ""오늘 통과된 법이 무제한 토론을 보장하기 위한 불가피하고 임시적인 조치일 수밖에 없다는 점과 바람직한 해결 방안은 아니라는 점에 대해 모두 같은 생각일 것""이라고 강조했다. 이 밖에 변호사와 의뢰인 간 비밀 유지 권리를 법률로 명문화하는 변호사법 개정안도 가결됐다. wise@yna.co.kr, stopn@yna.co.kr",C-12,T-11,B-8,True,7b7cc47f6124,G-19
청와대,e459af1d7330,2026-01-29 17:43:00,2026-01-29 18:03:12,"이 대통령 ""외부 공격엔 함께 싸워야…국제사회 파고 힘 합쳐 넘길""","청와대에서 열린 수석보좌관회의에서 발언하고 있다. 이재명 대통령은 ""외교·안보 문제에 대해서는 힘을 모아줘야 한다""며 ""힘든 국제사회의 파고를 힘을 합쳐 함께 넘어가면 좋겠다""고 말했습니다. 이 대통령은 청와대에... ",https://n.news.naver.com/mnews/article/055/0001328655?sid=100,https://news.sbs.co.kr/news/endPage.do?news_id=N1008423692&plink=ORI&cooper=NAVER,"이재명 대통령은 ""외교·안보 문제에 대해서는 힘을 모아줘야 한다""며 ""힘든 국제사회의 파고를 힘을 합쳐 함께 넘어가면 좋겠다""고 말했습니다. 이 대통령은 청와대에서 주재한 수석보좌관회의에서 ""내부에서는 싸우더라도 우주인이 쳐들어올 때는 다 같이 싸워야 한다는 말이 있지 않느냐""며 이같이 밝혔습니다. 최근 한미 간 관세 협상으로 대표되는 통상 현안의 엄중함, 국제질서 재편과 세계 안보의 불안정성 등을 고려하면 대외적인 문제에는 진영을 초월한 협력이 필요하다고 강조한 것으로 풀이됩니다. 이 대통령은 ""외부로부터 부당한 공격을 당하면 최소한 바깥을 향해 함께 싸워줘야 하는데, 가끔은 '아 잘됐다, 저놈 얻어맞네'(라는 사람도 있다)""라며 ""누구 좋으라고 이렇게 하는 것인가""라고 되물었습니다. 경제 문제에서도 이 대통령은 ""경제와 정치를 분리해야 한다""고 말했습니다. 최근 주가지수 상승에 대해 ""(그동안은) 똑같은 주식도 한국에만 오면 40∼50% 가치가 낮아져 기업들이 우리나라가 아닌 미국이나 유럽에 상장해왔다. 지금은 주식시장이 정상으로 가는 과정""이라며 ""그런데 이를 인정하지 못하는 사람들이 있다. '그럴 리가 없어', '그래선 안 돼'(라는 사람이 있다)""라고 지적했습니다. 또 ""정치적으로 판단해 (투자 등에 있어) 반대 방향으로 가다가 망하는 사람들도 있다. 이를 방치하면 안 된다""며 ""모든 사안에 정치적 요소를 투입해 해석하고 주장하고 억지를 쓰고 그러다 사회 발전까지 해치면 되겠느냐""고 덧붙였습니다. (사진=연합뉴스)",C-13,T-12,B-9,True,e459af1d7330,G-20
청와대,e618a711b461,2026-01-29 17:42:00,2026-01-29 18:03:12,"野 '설탕세' 비판에 李대통령 ""세금과 부담금은 다르다""","이 대통령은 이날 자신이 주재한 청와대 수석·보좌관 회의에서도 이 같은 논란을 의식한 듯 '시비를 거는 것... 청와대 강유정 대변인은 관련 브리핑에서 이 대통령의 SNS 제안은 ""청소년들이라든가 과하게 단... ",https://n.news.naver.com/mnews/article/079/0004110520?sid=100,https://www.nocutnews.co.kr/news/6464156?utm_source=naver&utm_medium=article&utm_campaign=20260129054143,"""나쁜 세금 악용 가능성"" 주장에 ""허수아비 타법"" 비판 국민의힘 김재원 최고위원에 ""시행방침과 의견조회는 달라"" ""'설탕세 시행 비난'은 여론조작 가짜뉴스"" 맹비난도 수석보좌관 회의서도 ""'시비 거는 것' 아닌 '토론' 해야"" 강유정 ""사회적 토론 필요성 언급한 것…설탕세는 다른 개념"" 자신의 '설탕 부담금' 발언이 '설탕세' 논란으로 비화된 데 대해 이재명 대통령이 연일 강경 대응에 나섰다. 이 대통령은 29일 자신의 X(옛 트위터)에 ""일반재정에 사용되는 세금과 특정용도를 위해 그 필요를 유발한 원인에 부과하는 부담금은 다르다""며 ""시행방침과 의견조회는 전혀 다른데도 '설탕세 시행 비난'은 여론조작가짜뉴스""라고 밝혔다. 그는 게시글에 '""문제는 설탕이 아니고 소금이야!""…대통령이 던진 '설탕세'에 야당 반응'이라는 제목의 언론 기사를 인용하며 이 같이 지적했다. 해당 기사는 이 대통령의 언급에 대해 ""시장을 극도로 왜곡하고 특정 제품에 대한 세금을 부과함으로써 결국은 소비 구조를 왜 부과하고 더 나아가서 주로 저소득층에게 부담을 주는 그런 아주 나쁜 세금으로 악용될 가능성이 크다""며 ""내용도 뻔히 알면서 또다시 국민들의 건강을 위협하는 내용으로 설탕세를 도입하고 그것을 통해서 저소득층에게 도리어 불이익을 주고자 하는 이런 설탕세는 즉각 거두시기 바란다""고 한 국민의힘 김재원 최고위원의 발언 내용을 다뤘다. 이에 대해 이 대통령은 ""'섀도우 복싱' 또는 '허수아비 타법'""이라고 일침을 가했다. 이 대통령은 이날 자신이 주재한 청와대 수석·보좌관 회의에서도 이 같은 논란을 의식한 듯 '시비를 거는 것'이 아닌 '토론'을 해야 한다고 주장했다. 그는 ""우리는 민주주의 사회에 살기 때문에 토론을 많이 해야 된다. 왜냐하면 입장이 다르기 때문""이라며 ""그런데 이 토론하고 시비를 구별을 못하는 사람도 있다""고 말했다. 이어 토론과 시비를 거는 것은 다르다며 상대방이 ""'A라고 말했구나. 나는 B의 의견을 가지고 있다'""고 해야 하는데 ""비슷한 것 같으면 혹시 문제가 될까 싶어 상대가 'C 주장을 한다고 우긴 다음에 C 주장은 잘못됐어'라고 하는 경우(가 있다). 이 것은 시비를 거는 것이자 상대의 주장을 왜곡, 조작하는 것""이라고 비판했다. 청와대 강유정 대변인은 관련 브리핑에서 이 대통령의 SNS 제안은 ""청소년들이라든가 과하게 단 음식들이라든가 혹은 우리가 인지하지 못한 채로 음식 속에 섞여 있는 당분들을 과다하게 섭취하는 부분에 있어서 영양학적으로 건강학적으로 혹시 우리가 모르는 사이에 영향을 받고 혹시 문제가 되고 있는 것은 아닌가에 대한, 한 번 문제 제기를 하고 사회적 토론을 할 필요가 있다라고 생각을 하신 것""이라고 설명했다. 강 대변인은 ""그런데 이 부분에 대해서 생각과 달리, 그리고 사회적 논의와 담론에 대한 제안 의도와 달리 과세 논의로 말씀하시지 않았던 설탕세라는 부분이 인용돼 보도되는 것에 대해서 좀 우려를 표하셨다""며 ""설탕 부담금은 그 원인을 제공한 쪽에 대해서 부과해서 그것을 오히려 사회적으로 환원하는 개념이고, 설탕세라는 것은 말 그대로 세금의 개념인데 '완전히 다른 개념이다'라고 이 부분을 분명히 하는 그런 글을 게재하신 것""이라고 덧붙였다. ※CBS노컷뉴스는 여러분의 제보로 함께 세상을 바꿉니다. 각종 비리와 부당대우, 사건사고와 미담 등 모든 얘깃거리를 알려주세요. 이메일 : 카카오톡 : 사이트 :",C-14,T-13,B-10,True,e618a711b461,G-21
청와대,0cdab246220e,2026-01-29 17:41:00,2026-01-29 18:03:12,청와대 춘추관 인근서 분신 시도한 40대 구속,서울 종로경찰서는 청와대 춘추관 인근에서 분신을 시도한 40대 남성 A씨를 구속했다고 29일 밝혔다. A씨는 26일 오후 3시 20분께 춘추관 인근에서 휘발유를 몸과 주변에 뿌리고 라이터로 불을 붙이려 한 혐의를 받는다.... ,https://n.news.naver.com/mnews/article/001/0015875118?sid=102,https://www.yna.co.kr/view/AKR20260129170200004?input=1195m,(서울=연합뉴스) 최원정 기자 = 서울 종로경찰서는 청와대 춘추관 인근에서 분신을 시도한 40대 남성 A씨를 구속했다고 29일 밝혔다. A씨는 26일 오후 3시 20분께 춘추관 인근에서 휘발유를 몸과 주변에 뿌리고 라이터로 불을 붙이려 한 혐의를 받는다. 당시 경찰에 제압돼 실제 불이 붙지는 않았다. 경찰은 공용건조물방화예비와 특수공무집행방해 혐의를 적용해 범행 이튿날인 27일 구속영장을 신청했다. 경찰은 범행 동기와 목적 등을 조사해 A씨를 검찰에 송치할 계획이다. ※ 우울감 등 말하기 어려운 고민이 있거나 주변에 이런 어려움을 겪는 가족ㆍ지인이 있을 경우 자살예방 상담전화 ☎ 109 또는 자살예방 SNS상담 '마들랜'에서 24시간 전문가의 상담을 받을 수 있습니다. away777@yna.co.kr,C-15,T-14,B-11,True,0cdab246220e,G-22
